date,agency,sku,prediction
2018-01-01,Agency_01,SKU_01,41.693779711349876
2018-02-01,Agency_01,SKU_01,34.05391681656821
2018-03-01,Agency_01,SKU_01,43.80044912779857
2018-04-01,Agency_01,SKU_01,17.40730167834784
2018-01-01,Agency_01,SKU_02,22.13619569468255
2018-02-01,Agency_01,SKU_02,16.235476839997055
2018-03-01,Agency_01,SKU_02,15.075647506801264
2018-04-01,Agency_01,SKU_02,11.837713459835935
2018-01-01,Agency_01,SKU_03,13.029058814567746
2018-02-01,Agency_01,SKU_03,8.793773485917454
2018-03-01,Agency_01,SKU_03,10.947307680648082
2018-04-01,Agency_01,SKU_03,8.997274690460742
2018-01-01,Agency_01,SKU_04,72.55885545631612
2018-02-01,Agency_01,SKU_04,56.04594455287907
2018-03-01,Agency_01,SKU_04,64.13770095853813
2018-04-01,Agency_01,SKU_04,44.56055925309615
2018-01-01,Agency_01,SKU_05,21.542605958513754
2018-02-01,Agency_01,SKU_05,9.991613291472476
2018-03-01,Agency_01,SKU_05,8.671340878879104
2018-04-01,Agency_01,SKU_05,8.023518331487594
2018-01-01,Agency_01,SKU_11,21.579733257626387
2018-02-01,Agency_01,SKU_11,17.287660948481154
2018-03-01,Agency_01,SKU_11,11.832053359832598
2018-04-01,Agency_01,SKU_11,11.237939695041366
2018-01-01,Agency_02,SKU_01,4828.670463147706
2018-02-01,Agency_02,SKU_01,4286.21662040416
2018-03-01,Agency_02,SKU_01,3645.8638880997037
2018-04-01,Agency_02,SKU_01,772.8936405833488
2018-01-01,Agency_02,SKU_02,5137.653293661724
2018-02-01,Agency_02,SKU_02,4386.831939816171
2018-03-01,Agency_02,SKU_02,4003.2099278123524
2018-04-01,Agency_02,SKU_02,798.3709159106216
2018-01-01,Agency_02,SKU_03,18408.231034166645
2018-02-01,Agency_02,SKU_03,14594.92684920701
2018-03-01,Agency_02,SKU_03,11233.303745461168
2018-04-01,Agency_02,SKU_03,8388.527332224055
2018-01-01,Agency_02,SKU_04,3404.7195910002874
2018-02-01,Agency_02,SKU_04,2127.145688784425
2018-03-01,Agency_02,SKU_04,1863.996917767789
2018-04-01,Agency_02,SKU_04,314.3637668858361
2018-01-01,Agency_02,SKU_05,1584.2827547054685
2018-02-01,Agency_02,SKU_05,1189.8338986503954
2018-03-01,Agency_02,SKU_05,1280.168710154351
2018-04-01,Agency_02,SKU_05,199.82812303427934
2018-01-01,Agency_02,SKU_11,6.347214931314761
2018-02-01,Agency_02,SKU_11,6.508078812302159
2018-03-01,Agency_02,SKU_11,6.508078812302159
2018-04-01,Agency_02,SKU_11,6.833667853331102
2018-01-01,Agency_02,SKU_12,18.06481836513196
2018-02-01,Agency_02,SKU_12,4.09357745132924
2018-03-01,Agency_02,SKU_12,2.0975418777245594
2018-04-01,Agency_02,SKU_12,0.36541238890867145
2018-01-01,Agency_02,SKU_31,17.49641636983377
2018-02-01,Agency_02,SKU_31,10.056375156164416
2018-03-01,Agency_02,SKU_31,45.45427227011575
2018-04-01,Agency_02,SKU_31,8.043630333263046
2018-01-01,Agency_02,SKU_34,62.45097631073636
2018-02-01,Agency_02,SKU_34,54.98961676759652
2018-03-01,Agency_02,SKU_34,92.73423472935525
2018-04-01,Agency_02,SKU_34,24.79279380738044
2018-01-01,Agency_03,SKU_01,962.570216375042
2018-02-01,Agency_03,SKU_01,900.2248321794713
2018-03-01,Agency_03,SKU_01,310.7623151307536
2018-04-01,Agency_03,SKU_01,141.63765050923402
2018-01-01,Agency_03,SKU_02,440.19205653320824
2018-02-01,Agency_03,SKU_02,276.86934997662104
2018-03-01,Agency_03,SKU_02,128.8812338677201
2018-04-01,Agency_03,SKU_02,133.83172686073888
2018-01-01,Agency_03,SKU_03,8083.405580021555
2018-02-01,Agency_03,SKU_03,8046.23980496415
2018-03-01,Agency_03,SKU_03,7451.561530907276
2018-04-01,Agency_03,SKU_03,5692.343427945492
2018-01-01,Agency_03,SKU_04,1169.8737682515966
2018-02-01,Agency_03,SKU_04,1063.048637815318
2018-03-01,Agency_03,SKU_04,1001.0340004574663
2018-04-01,Agency_03,SKU_04,186.7970969835187
2018-01-01,Agency_03,SKU_05,583.1786446778707
2018-02-01,Agency_03,SKU_05,431.69212734419364
2018-03-01,Agency_03,SKU_05,320.81297634174956
2018-04-01,Agency_03,SKU_05,149.1574826681366
2018-01-01,Agency_03,SKU_32,2.4658902490444943
2018-02-01,Agency_03,SKU_32,2.387507928825862
2018-03-01,Agency_03,SKU_32,2.382842854933548
2018-04-01,Agency_03,SKU_32,2.5574608259481626
2018-01-01,Agency_04,SKU_01,13.50006724368062
2018-02-01,Agency_04,SKU_01,9.02270264642126
2018-03-01,Agency_04,SKU_01,7.234189403553415
2018-04-01,Agency_04,SKU_01,7.087904426209783
2018-01-01,Agency_04,SKU_02,5.0670635840079665
2018-02-01,Agency_04,SKU_02,2.64134019342076
2018-03-01,Agency_04,SKU_02,2.3332682564302294
2018-04-01,Agency_04,SKU_02,3.2311062572094134
2018-01-01,Agency_04,SKU_03,527.0881865601979
2018-02-01,Agency_04,SKU_03,399.9434321396467
2018-03-01,Agency_04,SKU_03,261.4887981785363
2018-04-01,Agency_04,SKU_03,132.20937672016643
2018-01-01,Agency_04,SKU_04,61.46082909852914
2018-02-01,Agency_04,SKU_04,42.27944199256706
2018-03-01,Agency_04,SKU_04,35.15651378513677
2018-04-01,Agency_04,SKU_04,20.626872072417886
2018-01-01,Agency_04,SKU_05,2.310620132553916
2018-02-01,Agency_04,SKU_05,2.310620132553916
2018-03-01,Agency_04,SKU_05,2.3250042526257833
2018-04-01,Agency_04,SKU_05,2.429143558613665
2018-01-01,Agency_05,SKU_01,7064.528590773452
2018-02-01,Agency_05,SKU_01,7521.6794330441035
2018-03-01,Agency_05,SKU_01,7063.717731370369
2018-04-01,Agency_05,SKU_01,6013.750486629218
2018-01-01,Agency_05,SKU_02,1214.6542355763543
2018-02-01,Agency_05,SKU_02,1077.6347684534273
2018-03-01,Agency_05,SKU_02,451.9062704324426
2018-04-01,Agency_05,SKU_02,161.46427616716466
2018-01-01,Agency_05,SKU_03,981.8516496375764
2018-02-01,Agency_05,SKU_03,864.6613906052879
2018-03-01,Agency_05,SKU_03,436.358823272627
2018-04-01,Agency_05,SKU_03,132.88937517550735
2018-01-01,Agency_05,SKU_04,4972.448613603597
2018-02-01,Agency_05,SKU_04,3654.630503549561
2018-03-01,Agency_05,SKU_04,3180.0663276874875
2018-04-01,Agency_05,SKU_04,553.019201700707
2018-01-01,Agency_05,SKU_05,299.75580644342153
2018-02-01,Agency_05,SKU_05,305.09912098482243
2018-03-01,Agency_05,SKU_05,128.0407271482895
2018-04-01,Agency_05,SKU_05,137.2816044744881
2018-01-01,Agency_05,SKU_14,2.7912011280405062
2018-02-01,Agency_05,SKU_14,2.504696295883446
2018-03-01,Agency_05,SKU_14,2.8148341374885018
2018-04-01,Agency_05,SKU_14,2.544606484543826
2018-01-01,Agency_05,SKU_21,20.020209033377153
2018-02-01,Agency_05,SKU_21,14.34813283239558
2018-03-01,Agency_05,SKU_21,7.6913716802705885
2018-04-01,Agency_05,SKU_21,7.979142682252127
2018-01-01,Agency_05,SKU_23,0.2007331693247963
2018-02-01,Agency_05,SKU_23,0.2189117125032892
2018-03-01,Agency_05,SKU_23,0.20810958134984622
2018-04-01,Agency_05,SKU_23,0.030507960246348668
2018-01-01,Agency_05,SKU_26,1.8928627832429834
2018-02-01,Agency_05,SKU_26,1.148306565682113
2018-03-01,Agency_05,SKU_26,6.019880764924335
2018-04-01,Agency_05,SKU_26,0.33548224705742746
2018-01-01,Agency_07,SKU_01,7793.424762547454
2018-02-01,Agency_07,SKU_01,6764.61868671231
2018-03-01,Agency_07,SKU_01,7017.968532240625
2018-04-01,Agency_07,SKU_01,5724.01593357076
2018-01-01,Agency_07,SKU_02,1107.8704528371788
2018-02-01,Agency_07,SKU_02,1074.384558245208
2018-03-01,Agency_07,SKU_02,648.355773856143
2018-04-01,Agency_07,SKU_02,158.88351957734102
2018-01-01,Agency_07,SKU_03,514.9174361425333
2018-02-01,Agency_07,SKU_03,464.2831505680585
2018-03-01,Agency_07,SKU_03,224.02652733515177
2018-04-01,Agency_07,SKU_03,127.90061447085402
2018-01-01,Agency_07,SKU_04,1859.2841944512884
2018-02-01,Agency_07,SKU_04,1007.1614462436141
2018-03-01,Agency_07,SKU_04,1446.8252459807811
2018-04-01,Agency_07,SKU_04,207.02304792131366
2018-01-01,Agency_07,SKU_05,223.0203004676672
2018-02-01,Agency_07,SKU_05,113.78735556284259
2018-03-01,Agency_07,SKU_05,108.81121812280662
2018-04-01,Agency_07,SKU_05,141.11814858120525
2018-01-01,Agency_07,SKU_21,2.771649521731691
2018-02-01,Agency_07,SKU_21,2.831197124150039
2018-03-01,Agency_07,SKU_21,2.5646654169985745
2018-04-01,Agency_07,SKU_21,2.7841451544245652
2018-01-01,Agency_08,SKU_01,207.6120098398423
2018-02-01,Agency_08,SKU_01,107.94988018203556
2018-03-01,Agency_08,SKU_01,90.39617892303981
2018-04-01,Agency_08,SKU_01,133.81469561114972
2018-01-01,Agency_08,SKU_02,2.419660871708469
2018-02-01,Agency_08,SKU_02,2.296649270362051
2018-03-01,Agency_08,SKU_02,2.298487909662848
2018-04-01,Agency_08,SKU_02,2.473903843099424
2018-01-01,Agency_08,SKU_03,10.722920119196845
2018-02-01,Agency_08,SKU_03,6.841126053992295
2018-03-01,Agency_08,SKU_03,8.825360413014247
2018-04-01,Agency_08,SKU_03,4.249176504608641
2018-01-01,Agency_08,SKU_04,163.26824142875665
2018-02-01,Agency_08,SKU_04,102.77149723941723
2018-03-01,Agency_08,SKU_04,115.9210260437535
2018-04-01,Agency_08,SKU_04,121.42259027132667
2018-01-01,Agency_08,SKU_05,7.111544605640435
2018-02-01,Agency_08,SKU_05,5.500932043535177
2018-03-01,Agency_08,SKU_05,2.9760354026923634
2018-04-01,Agency_08,SKU_05,3.6205879048157454
2018-01-01,Agency_09,SKU_01,3243.4761417629697
2018-02-01,Agency_09,SKU_01,2407.312708823578
2018-03-01,Agency_09,SKU_01,1679.543802684429
2018-04-01,Agency_09,SKU_01,317.7830202123326
2018-01-01,Agency_09,SKU_02,1446.3212031613298
2018-02-01,Agency_09,SKU_02,1068.3456909151353
2018-03-01,Agency_09,SKU_02,1093.7076305206024
2018-04-01,Agency_09,SKU_02,174.3049496805059
2018-01-01,Agency_09,SKU_03,7176.396418961094
2018-02-01,Agency_09,SKU_03,5927.616302311546
2018-03-01,Agency_09,SKU_03,5287.1320762444375
2018-04-01,Agency_09,SKU_03,4142.603512449652
2018-01-01,Agency_09,SKU_04,1365.260577152652
2018-02-01,Agency_09,SKU_04,1047.9490019131356
2018-03-01,Agency_09,SKU_04,1451.307572581023
2018-04-01,Agency_09,SKU_04,187.17466698308812
2018-01-01,Agency_09,SKU_05,1269.5376441626966
2018-02-01,Agency_09,SKU_05,1020.2783633333102
2018-03-01,Agency_09,SKU_05,1196.748838409998
2018-04-01,Agency_09,SKU_05,169.87393988908516
2018-01-01,Agency_09,SKU_21,2.382842854933548
2018-02-01,Agency_09,SKU_21,2.387507928825862
2018-03-01,Agency_09,SKU_21,2.387507928825862
2018-04-01,Agency_09,SKU_21,2.544606484543826
2018-01-01,Agency_09,SKU_27,2.949782352794399
2018-02-01,Agency_09,SKU_27,2.3604205714414803
2018-03-01,Agency_09,SKU_27,2.3389337826270062
2018-04-01,Agency_09,SKU_27,2.476944331227967
2018-01-01,Agency_10,SKU_01,1550.577964160432
2018-02-01,Agency_10,SKU_01,1290.5698670109937
2018-03-01,Agency_10,SKU_01,1309.9964271379154
2018-04-01,Agency_10,SKU_01,198.80385066445265
2018-01-01,Agency_10,SKU_02,221.0148027947885
2018-02-01,Agency_10,SKU_02,148.41273596617305
2018-03-01,Agency_10,SKU_02,94.54112723167842
2018-04-01,Agency_10,SKU_02,117.51364780607071
2018-01-01,Agency_10,SKU_03,3739.5984741143216
2018-02-01,Agency_10,SKU_03,2762.934535954319
2018-03-01,Agency_10,SKU_03,2524.2814143280916
2018-04-01,Agency_10,SKU_03,265.45372831528647
2018-01-01,Agency_10,SKU_04,1093.8340871426792
2018-02-01,Agency_10,SKU_04,792.2629906961489
2018-03-01,Agency_10,SKU_04,522.5487235216553
2018-04-01,Agency_10,SKU_04,166.3520637538668
2018-01-01,Agency_10,SKU_05,278.0396142574508
2018-02-01,Agency_10,SKU_05,222.2802126238225
2018-03-01,Agency_10,SKU_05,185.5077729045226
2018-04-01,Agency_10,SKU_05,117.06562463188315
2018-01-01,Agency_10,SKU_21,2.449503742059311
2018-02-01,Agency_10,SKU_21,2.2955454236585418
2018-03-01,Agency_10,SKU_21,2.309929543730409
2018-04-01,Agency_10,SKU_21,2.4392165078642276
2018-01-01,Agency_10,SKU_23,0.3086640249383053
2018-02-01,Agency_10,SKU_23,0.30122760832552814
2018-03-01,Agency_10,SKU_23,0.16600126819623992
2018-04-01,Agency_10,SKU_23,0.18616774485382032
2018-01-01,Agency_10,SKU_32,41.25479334462722
2018-02-01,Agency_10,SKU_32,13.766137310428455
2018-03-01,Agency_10,SKU_32,9.421214125659942
2018-04-01,Agency_10,SKU_32,4.221619629042977
2018-01-01,Agency_11,SKU_01,247.12853400993592
2018-02-01,Agency_11,SKU_01,193.2506850913279
2018-03-01,Agency_11,SKU_01,121.22142594026417
2018-04-01,Agency_11,SKU_01,129.6577824236007
2018-01-01,Agency_11,SKU_02,5.724834960600543
2018-02-01,Agency_11,SKU_02,2.671104844684221
2018-03-01,Agency_11,SKU_02,2.4774300528439324
2018-04-01,Agency_11,SKU_02,3.1751662532024567
2018-01-01,Agency_11,SKU_03,218.98776066721882
2018-02-01,Agency_11,SKU_03,159.6949489707101
2018-03-01,Agency_11,SKU_03,111.72093381987128
2018-04-01,Agency_11,SKU_03,95.89899695373487
2018-01-01,Agency_11,SKU_04,90.77503659380184
2018-02-01,Agency_11,SKU_04,72.56867110632383
2018-03-01,Agency_11,SKU_04,82.325832335776
2018-04-01,Agency_11,SKU_04,64.46609000218811
2018-01-01,Agency_11,SKU_05,10.05763795378655
2018-02-01,Agency_11,SKU_05,5.432750240539571
2018-03-01,Agency_11,SKU_05,8.300769540249199
2018-04-01,Agency_11,SKU_05,3.647938041453108
2018-01-01,Agency_12,SKU_01,10851.891877898266
2018-02-01,Agency_12,SKU_01,8905.454711252813
2018-03-01,Agency_12,SKU_01,8275.41673392255
2018-04-01,Agency_12,SKU_01,6457.45181754608
2018-01-01,Agency_12,SKU_02,7391.7778073758045
2018-02-01,Agency_12,SKU_02,5898.180291555462
2018-03-01,Agency_12,SKU_02,5116.2679381361895
2018-04-01,Agency_12,SKU_02,4583.273165545407
2018-01-01,Agency_12,SKU_03,481.4501788925992
2018-02-01,Agency_12,SKU_03,400.89713339920837
2018-03-01,Agency_12,SKU_03,205.34944205038155
2018-04-01,Agency_12,SKU_03,129.5500879210581
2018-01-01,Agency_12,SKU_04,1551.0070308008274
2018-02-01,Agency_12,SKU_04,1571.63201800789
2018-03-01,Agency_12,SKU_04,1402.845948476416
2018-04-01,Agency_12,SKU_04,220.1264768793006
2018-01-01,Agency_12,SKU_05,2614.246220592289
2018-02-01,Agency_12,SKU_05,1844.4986862209537
2018-03-01,Agency_12,SKU_05,1669.7598793588816
2018-04-01,Agency_12,SKU_05,247.4539993224733
2018-01-01,Agency_12,SKU_07,7.253538860244428
2018-02-01,Agency_12,SKU_07,6.054541469541693
2018-03-01,Agency_12,SKU_07,3.1781907033960928
2018-04-01,Agency_12,SKU_07,3.587524956748297
2018-01-01,Agency_13,SKU_01,5793.11216224816
2018-02-01,Agency_13,SKU_01,4960.799856898505
2018-03-01,Agency_13,SKU_01,4277.582435558029
2018-04-01,Agency_13,SKU_01,787.5370963268724
2018-01-01,Agency_13,SKU_02,5677.878423649925
2018-02-01,Agency_13,SKU_02,5018.769590781554
2018-03-01,Agency_13,SKU_02,4276.923519944978
2018-04-01,Agency_13,SKU_02,790.7399682342952
2018-01-01,Agency_13,SKU_03,129.2402024271182
2018-02-01,Agency_13,SKU_03,102.84572840314786
2018-03-01,Agency_13,SKU_03,80.73225030688656
2018-04-01,Agency_13,SKU_03,90.21707435452015
2018-01-01,Agency_13,SKU_04,869.5033020422053
2018-02-01,Agency_13,SKU_04,536.2587684686937
2018-03-01,Agency_13,SKU_04,307.3462664321391
2018-04-01,Agency_13,SKU_04,152.5711199081875
2018-01-01,Agency_13,SKU_05,1614.4210718453878
2018-02-01,Agency_13,SKU_05,1241.6662892401844
2018-03-01,Agency_13,SKU_05,1309.7489870628242
2018-04-01,Agency_13,SKU_05,175.54539945061427
2018-01-01,Agency_13,SKU_07,2.5983045740255735
2018-02-01,Agency_13,SKU_07,3.0063464880776114
2018-03-01,Agency_13,SKU_07,3.0924857548100246
2018-04-01,Agency_13,SKU_07,3.5003717134523504
2018-01-01,Agency_13,SKU_20,10.040997911225542
2018-02-01,Agency_13,SKU_20,5.336532326021102
2018-03-01,Agency_13,SKU_20,8.277502343849207
2018-04-01,Agency_13,SKU_20,3.1855150936919148
2018-01-01,Agency_15,SKU_01,1200.2032442760026
2018-02-01,Agency_15,SKU_01,1150.5996106375976
2018-03-01,Agency_15,SKU_01,669.2760881730638
2018-04-01,Agency_15,SKU_01,171.24055454700834
2018-01-01,Agency_15,SKU_02,715.7065400023166
2018-02-01,Agency_15,SKU_02,525.2753205053414
2018-03-01,Agency_15,SKU_02,313.20352682384504
2018-04-01,Agency_15,SKU_02,132.65652884436506
2018-01-01,Agency_15,SKU_03,75.63691907711502
2018-02-01,Agency_15,SKU_03,46.770524231628194
2018-03-01,Agency_15,SKU_03,76.13189683954083
2018-04-01,Agency_15,SKU_03,41.038113434919765
2018-01-01,Agency_15,SKU_04,130.01238347647032
2018-02-01,Agency_15,SKU_04,93.74534582084509
2018-03-01,Agency_15,SKU_04,79.13067017900006
2018-04-01,Agency_15,SKU_04,95.60365552907322
2018-01-01,Agency_15,SKU_05,169.9418883628888
2018-02-01,Agency_15,SKU_05,138.67448495067197
2018-03-01,Agency_15,SKU_05,102.72474097706126
2018-04-01,Agency_15,SKU_05,126.67141465137148
2018-01-01,Agency_16,SKU_01,7010.602624029776
2018-02-01,Agency_16,SKU_01,5596.969864715975
2018-03-01,Agency_16,SKU_01,5206.8788688487375
2018-04-01,Agency_16,SKU_01,941.4727729130394
2018-01-01,Agency_16,SKU_02,5369.191884705894
2018-02-01,Agency_16,SKU_02,4615.290050171025
2018-03-01,Agency_16,SKU_02,4159.342699844357
2018-04-01,Agency_16,SKU_02,785.7325744630543
2018-01-01,Agency_16,SKU_03,111.9157620934353
2018-02-01,Agency_16,SKU_03,66.99547938465723
2018-03-01,Agency_16,SKU_03,69.8290209359318
2018-04-01,Agency_16,SKU_03,66.33468626554031
2018-01-01,Agency_16,SKU_04,595.2977275581542
2018-02-01,Agency_16,SKU_04,327.9797207339545
2018-03-01,Agency_16,SKU_04,223.6241811297817
2018-04-01,Agency_16,SKU_04,158.96228018337248
2018-01-01,Agency_16,SKU_05,1576.7666498253222
2018-02-01,Agency_16,SKU_05,1229.2479789119175
2018-03-01,Agency_16,SKU_05,1320.7235050262775
2018-04-01,Agency_16,SKU_05,175.7276389891719
2018-01-01,Agency_16,SKU_07,22.610244250216006
2018-02-01,Agency_16,SKU_07,10.504768557906273
2018-03-01,Agency_16,SKU_07,12.707031620941398
2018-04-01,Agency_16,SKU_07,10.522330998294494
2018-01-01,Agency_16,SKU_20,0.49961904786928785
2018-02-01,Agency_16,SKU_20,0.3499933605515118
2018-03-01,Agency_16,SKU_20,0.2894322199263433
2018-04-01,Agency_16,SKU_20,0.301351505745314
2018-01-01,Agency_17,SKU_01,146.7590777773331
2018-02-01,Agency_17,SKU_01,98.11918646786795
2018-03-01,Agency_17,SKU_01,86.80790499279836
2018-04-01,Agency_17,SKU_01,100.40019620614083
2018-01-01,Agency_17,SKU_02,1099.97336969893
2018-02-01,Agency_17,SKU_02,1094.184953479751
2018-03-01,Agency_17,SKU_02,624.8380805713628
2018-04-01,Agency_17,SKU_02,158.78488440475493
2018-01-01,Agency_17,SKU_03,53.40550474689875
2018-02-01,Agency_17,SKU_03,28.590614852151916
2018-03-01,Agency_17,SKU_03,22.415478042974016
2018-04-01,Agency_17,SKU_03,15.237403245886007
2018-01-01,Agency_17,SKU_04,260.03645813989715
2018-02-01,Agency_17,SKU_04,251.98572982656788
2018-03-01,Agency_17,SKU_04,142.04509758036784
2018-04-01,Agency_17,SKU_04,158.43334718728582
2018-01-01,Agency_17,SKU_05,748.8019317531143
2018-02-01,Agency_17,SKU_05,529.0162815586033
2018-03-01,Agency_17,SKU_05,447.9236070478286
2018-04-01,Agency_17,SKU_05,137.27202700998154
2018-01-01,Agency_18,SKU_01,7.656341307113639
2018-02-01,Agency_18,SKU_01,7.084388597839335
2018-03-01,Agency_18,SKU_01,3.9851196889279374
2018-04-01,Agency_18,SKU_01,4.021175811628876
2018-01-01,Agency_18,SKU_02,83.31538682451188
2018-02-01,Agency_18,SKU_02,52.544586267920714
2018-03-01,Agency_18,SKU_02,54.135730655622346
2018-04-01,Agency_18,SKU_02,54.56794236187094
2018-01-01,Agency_18,SKU_03,15.011207876496496
2018-02-01,Agency_18,SKU_03,5.906060647949284
2018-03-01,Agency_18,SKU_03,10.90604782321278
2018-04-01,Agency_18,SKU_03,2.8072307072306004
2018-01-01,Agency_18,SKU_04,288.25408445506486
2018-02-01,Agency_18,SKU_04,181.60597768883574
2018-03-01,Agency_18,SKU_04,129.8605578704325
2018-04-01,Agency_18,SKU_04,146.92606388927007
2018-01-01,Agency_18,SKU_05,539.4322214418191
2018-02-01,Agency_18,SKU_05,397.64389020506314
2018-03-01,Agency_18,SKU_05,218.21520347275782
2018-04-01,Agency_18,SKU_05,137.28468946345285
2018-01-01,Agency_19,SKU_01,32.684374793109264
2018-02-01,Agency_19,SKU_01,18.441152022962168
2018-03-01,Agency_19,SKU_01,16.8432558513687
2018-04-01,Agency_19,SKU_01,15.216187899495695
2018-01-01,Agency_19,SKU_02,67.39678133273186
2018-02-01,Agency_19,SKU_02,45.72252189238063
2018-03-01,Agency_19,SKU_02,47.35241769386435
2018-04-01,Agency_19,SKU_02,39.822178909425325
2018-01-01,Agency_19,SKU_03,46.56598007201643
2018-02-01,Agency_19,SKU_03,34.37316327842785
2018-03-01,Agency_19,SKU_03,23.6930654660506
2018-04-01,Agency_19,SKU_03,15.607822270044093
2018-01-01,Agency_19,SKU_04,103.34839314157703
2018-02-01,Agency_19,SKU_04,117.46223706919082
2018-03-01,Agency_19,SKU_04,107.2255505932922
2018-04-01,Agency_19,SKU_04,59.271184758829456
2018-01-01,Agency_19,SKU_05,93.44004756719382
2018-02-01,Agency_19,SKU_05,68.94452803651457
2018-03-01,Agency_19,SKU_05,80.18393336069529
2018-04-01,Agency_19,SKU_05,54.47869378014113
2018-01-01,Agency_19,SKU_08,0.30494199997311455
2018-02-01,Agency_19,SKU_08,0.29336612607544693
2018-03-01,Agency_19,SKU_08,0.2572884835851543
2018-04-01,Agency_19,SKU_08,0.18996564207657152
2018-01-01,Agency_20,SKU_01,3104.594759380211
2018-02-01,Agency_20,SKU_01,2354.7138980974282
2018-03-01,Agency_20,SKU_01,1779.6349232298408
2018-04-01,Agency_20,SKU_01,305.6647092581014
2018-01-01,Agency_20,SKU_02,9565.073883117351
2018-02-01,Agency_20,SKU_02,9725.626246207119
2018-03-01,Agency_20,SKU_02,9094.117633938858
2018-04-01,Agency_20,SKU_02,7018.773170188223
2018-01-01,Agency_20,SKU_03,190.85091154763415
2018-02-01,Agency_20,SKU_03,138.36492843087208
2018-03-01,Agency_20,SKU_03,115.59485832023451
2018-04-01,Agency_20,SKU_03,133.09252997244084
2018-01-01,Agency_20,SKU_04,1843.1836283762136
2018-02-01,Agency_20,SKU_04,1199.1609203120024
2018-03-01,Agency_20,SKU_04,1823.6040665203213
2018-04-01,Agency_20,SKU_04,200.21858982209042
2018-01-01,Agency_20,SKU_05,2878.66768338576
2018-02-01,Agency_20,SKU_05,2296.901752653966
2018-03-01,Agency_20,SKU_05,1908.0954657451125
2018-04-01,Agency_20,SKU_05,281.7896025086335
2018-01-01,Agency_20,SKU_07,3.515146457909031
2018-02-01,Agency_20,SKU_07,2.34381954173037
2018-03-01,Agency_20,SKU_07,2.4268989988520713
2018-04-01,Agency_20,SKU_07,2.6295192149834548
2018-01-01,Agency_20,SKU_21,3.326947711423151
2018-02-01,Agency_20,SKU_21,3.651033231966613
2018-03-01,Agency_20,SKU_21,5.935911830520557
2018-04-01,Agency_20,SKU_21,3.127671475973722
2018-01-01,Agency_20,SKU_23,2.640668038620368
2018-02-01,Agency_20,SKU_23,1.6392075972780544
2018-03-01,Agency_20,SKU_23,1.5990214113883232
2018-04-01,Agency_20,SKU_23,1.7183545198103363
2018-01-01,Agency_21,SKU_01,45.698254822140484
2018-02-01,Agency_21,SKU_01,28.781402153615492
2018-03-01,Agency_21,SKU_01,23.029282840712757
2018-04-01,Agency_21,SKU_01,18.596455627461697
2018-01-01,Agency_21,SKU_02,101.66303939420385
2018-02-01,Agency_21,SKU_02,71.6775514776421
2018-03-01,Agency_21,SKU_02,58.735313654571826
2018-04-01,Agency_21,SKU_02,82.97581855698184
2018-01-01,Agency_21,SKU_03,41.81668430567297
2018-02-01,Agency_21,SKU_03,23.89141151362402
2018-03-01,Agency_21,SKU_03,18.39947324967131
2018-04-01,Agency_21,SKU_03,14.48560298205731
2018-01-01,Agency_21,SKU_04,47.304675877686186
2018-02-01,Agency_21,SKU_04,25.13740376724345
2018-03-01,Agency_21,SKU_04,23.388885288004687
2018-04-01,Agency_21,SKU_04,19.992082621523167
2018-01-01,Agency_21,SKU_05,298.0530978126309
2018-02-01,Agency_21,SKU_05,270.64057910447036
2018-03-01,Agency_21,SKU_05,190.76899939304104
2018-04-01,Agency_21,SKU_05,134.1711672048021
2018-01-01,Agency_21,SKU_21,0.04200902197529203
2018-02-01,Agency_21,SKU_21,0.030507960246348668
2018-03-01,Agency_21,SKU_21,0.030507960246348668
2018-04-01,Agency_21,SKU_21,0.030507960246348668
2018-01-01,Agency_22,SKU_01,99.63783819516384
2018-02-01,Agency_22,SKU_01,79.32892067562999
2018-03-01,Agency_22,SKU_01,69.89856912705922
2018-04-01,Agency_22,SKU_01,78.30793699592158
2018-01-01,Agency_22,SKU_02,148.80619028017045
2018-02-01,Agency_22,SKU_02,104.23525965335064
2018-03-01,Agency_22,SKU_02,83.6623768117301
2018-04-01,Agency_22,SKU_02,116.45317691667604
2018-01-01,Agency_22,SKU_03,85.53861277140543
2018-02-01,Agency_22,SKU_03,56.01574748191059
2018-03-01,Agency_22,SKU_03,58.12805006401487
2018-04-01,Agency_22,SKU_03,44.74236372189034
2018-01-01,Agency_22,SKU_04,66.04369657351184
2018-02-01,Agency_22,SKU_04,51.511065287535025
2018-03-01,Agency_22,SKU_04,41.04326873987841
2018-04-01,Agency_22,SKU_04,20.69024049556834
2018-01-01,Agency_22,SKU_05,276.15992101757854
2018-02-01,Agency_22,SKU_05,257.9777916175046
2018-03-01,Agency_22,SKU_05,132.81150014238904
2018-04-01,Agency_22,SKU_05,130.37127591317824
2018-01-01,Agency_23,SKU_01,37.05460340202612
2018-02-01,Agency_23,SKU_01,23.404228965630175
2018-03-01,Agency_23,SKU_01,18.649254830560956
2018-04-01,Agency_23,SKU_01,15.124973363847976
2018-01-01,Agency_23,SKU_02,49.29870404862866
2018-02-01,Agency_23,SKU_02,34.91869336966572
2018-03-01,Agency_23,SKU_02,25.449090523292842
2018-04-01,Agency_23,SKU_02,41.97175479148057
2018-01-01,Agency_23,SKU_03,14.981373615071364
2018-02-01,Agency_23,SKU_03,8.941350834260707
2018-03-01,Agency_23,SKU_03,7.5908648320894825
2018-04-01,Agency_23,SKU_03,5.535668799540585
2018-01-01,Agency_23,SKU_04,57.219955155697946
2018-02-01,Agency_23,SKU_04,35.96617368281991
2018-03-01,Agency_23,SKU_04,32.167779952647784
2018-04-01,Agency_23,SKU_04,20.28509409835345
2018-01-01,Agency_23,SKU_05,659.5239880825137
2018-02-01,Agency_23,SKU_05,559.2236944301715
2018-03-01,Agency_23,SKU_05,312.13398024834447
2018-04-01,Agency_23,SKU_05,133.37937355817903
2018-01-01,Agency_23,SKU_21,2.293746017851942
2018-02-01,Agency_23,SKU_21,2.293746017851942
2018-03-01,Agency_23,SKU_21,2.2754235373282614
2018-04-01,Agency_23,SKU_21,2.357403429297102
2018-01-01,Agency_24,SKU_01,2.9645416899210373
2018-02-01,Agency_24,SKU_01,2.2086808266687794
2018-03-01,Agency_24,SKU_01,2.2814606193315967
2018-04-01,Agency_24,SKU_01,2.4567287570976633
2018-01-01,Agency_24,SKU_02,101.25489350199777
2018-02-01,Agency_24,SKU_02,75.71472041979081
2018-03-01,Agency_24,SKU_02,65.30932919982276
2018-04-01,Agency_24,SKU_02,56.48667310534985
2018-01-01,Agency_24,SKU_03,6.809651355897331
2018-02-01,Agency_24,SKU_03,4.011482138775605
2018-03-01,Agency_24,SKU_03,2.9127274247303787
2018-04-01,Agency_24,SKU_03,3.4947697171743015
2018-01-01,Agency_24,SKU_04,82.84605250380318
2018-02-01,Agency_24,SKU_04,53.26408425243608
2018-03-01,Agency_24,SKU_04,82.16892396209256
2018-04-01,Agency_24,SKU_04,32.45815579077589
2018-01-01,Agency_24,SKU_05,651.279643242509
2018-02-01,Agency_24,SKU_05,463.2184571688437
2018-03-01,Agency_24,SKU_05,290.7461170880344
2018-04-01,Agency_24,SKU_05,132.30476382837068
2018-01-01,Agency_24,SKU_21,0.26675240641129355
2018-02-01,Agency_24,SKU_21,0.0330087715681271
2018-03-01,Agency_24,SKU_21,0.03890753948265453
2018-04-01,Agency_24,SKU_21,0.03890753948265453
2018-01-01,Agency_25,SKU_01,5.013988494563323
2018-02-01,Agency_25,SKU_01,2.5514800334903036
2018-03-01,Agency_25,SKU_01,2.501917427681809
2018-04-01,Agency_25,SKU_01,3.298342542548395
2018-01-01,Agency_25,SKU_02,85.1269982209546
2018-02-01,Agency_25,SKU_02,67.21083414351587
2018-03-01,Agency_25,SKU_02,77.87929712326898
2018-04-01,Agency_25,SKU_02,36.67060632740908
2018-01-01,Agency_25,SKU_03,3.4300990562696962
2018-02-01,Agency_25,SKU_03,2.695350572025449
2018-03-01,Agency_25,SKU_03,2.816296048025698
2018-04-01,Agency_25,SKU_03,2.7722435273946515
2018-01-01,Agency_25,SKU_04,22.37827602188107
2018-02-01,Agency_25,SKU_04,7.724747850276822
2018-03-01,Agency_25,SKU_04,7.750265004684885
2018-04-01,Agency_25,SKU_04,7.081029850867006
2018-01-01,Agency_25,SKU_05,569.7523590280988
2018-02-01,Agency_25,SKU_05,504.8339646178615
2018-03-01,Agency_25,SKU_05,302.4310569807018
2018-04-01,Agency_25,SKU_05,131.96407330817905
2018-01-01,Agency_25,SKU_21,0.08771502719688401
2018-02-01,Agency_25,SKU_21,0.02959411522335923
2018-03-01,Agency_25,SKU_21,0.04818006140463115
2018-04-01,Agency_25,SKU_21,0.030507960246348668
2018-01-01,Agency_26,SKU_01,2.1335443153305094
2018-02-01,Agency_26,SKU_01,2.1335443153305094
2018-03-01,Agency_26,SKU_01,2.1335443153305094
2018-04-01,Agency_26,SKU_01,2.6623514967520605
2018-01-01,Agency_26,SKU_02,2.3558516622984507
2018-02-01,Agency_26,SKU_02,2.160158390556754
2018-03-01,Agency_26,SKU_02,2.138209389222823
2018-04-01,Agency_26,SKU_02,2.184037715235857
2018-01-01,Agency_26,SKU_03,2.625638416595018
2018-02-01,Agency_26,SKU_03,2.1668060862267633
2018-03-01,Agency_26,SKU_03,2.1516368607351026
2018-04-01,Agency_26,SKU_03,2.1974884835179687
2018-01-01,Agency_26,SKU_04,2.8126916740518735
2018-02-01,Agency_26,SKU_04,2.3316199355701417
2018-03-01,Agency_26,SKU_04,2.310620132553916
2018-04-01,Agency_26,SKU_04,2.3656093492673285
2018-01-01,Agency_26,SKU_05,2.129605954878696
2018-02-01,Agency_26,SKU_05,2.129605954878696
2018-03-01,Agency_26,SKU_05,2.129605954878696
2018-04-01,Agency_26,SKU_05,2.1800993547840437
2018-01-01,Agency_26,SKU_11,3.316711504130111
2018-02-01,Agency_26,SKU_11,2.3419821891499453
2018-03-01,Agency_26,SKU_11,2.381543786185178
2018-04-01,Agency_26,SKU_11,2.8737049490024638
2018-01-01,Agency_26,SKU_18,2.129605954878696
2018-02-01,Agency_26,SKU_18,2.129605954878696
2018-03-01,Agency_26,SKU_18,2.129605954878696
2018-04-01,Agency_26,SKU_18,2.1800993547840437
2018-01-01,Agency_27,SKU_01,2370.708367058498
2018-02-01,Agency_27,SKU_01,1660.3235534133676
2018-03-01,Agency_27,SKU_01,1423.2979331102345
2018-04-01,Agency_27,SKU_01,201.14048332308056
2018-01-01,Agency_27,SKU_02,688.6056329661938
2018-02-01,Agency_27,SKU_02,508.3734548292068
2018-03-01,Agency_27,SKU_02,288.1159182246534
2018-04-01,Agency_27,SKU_02,125.52250637889799
2018-01-01,Agency_27,SKU_03,5022.848205905617
2018-02-01,Agency_27,SKU_03,4563.555423847765
2018-03-01,Agency_27,SKU_03,3559.488190797763
2018-04-01,Agency_27,SKU_03,756.0797893473929
2018-01-01,Agency_27,SKU_04,3381.3174873844005
2018-02-01,Agency_27,SKU_04,2219.61348373911
2018-03-01,Agency_27,SKU_04,2172.8093719367425
2018-04-01,Agency_27,SKU_04,286.075796494507
2018-01-01,Agency_27,SKU_05,70.32708204475077
2018-02-01,Agency_27,SKU_05,60.37669202441907
2018-03-01,Agency_27,SKU_05,45.91330805650389
2018-04-01,Agency_27,SKU_05,51.671375956362056
2018-01-01,Agency_27,SKU_06,52.728699564273015
2018-02-01,Agency_27,SKU_06,13.600283782851017
2018-03-01,Agency_27,SKU_06,11.189015890657904
2018-04-01,Agency_27,SKU_06,34.26836972454556
2018-01-01,Agency_27,SKU_08,133.89013503909644
2018-02-01,Agency_27,SKU_08,116.25922771107257
2018-03-01,Agency_27,SKU_08,126.47121361222402
2018-04-01,Agency_27,SKU_08,133.2958873826773
2018-01-01,Agency_28,SKU_01,58.09663437155119
2018-02-01,Agency_28,SKU_01,33.9533383841849
2018-03-01,Agency_28,SKU_01,24.678225262026153
2018-04-01,Agency_28,SKU_01,18.374152811322904
2018-01-01,Agency_28,SKU_02,17.16417658542542
2018-02-01,Agency_28,SKU_02,8.86144395602248
2018-03-01,Agency_28,SKU_02,7.359660416120906
2018-04-01,Agency_28,SKU_02,5.643418880833913
2018-01-01,Agency_28,SKU_03,29.980393626066554
2018-02-01,Agency_28,SKU_03,18.422630125470647
2018-03-01,Agency_28,SKU_03,15.155859702527971
2018-04-01,Agency_28,SKU_03,9.23312857695897
2018-01-01,Agency_28,SKU_04,34.88607250663567
2018-02-01,Agency_28,SKU_04,22.56538705050655
2018-03-01,Agency_28,SKU_04,20.87582760474542
2018-04-01,Agency_28,SKU_04,15.28339731945651
2018-01-01,Agency_28,SKU_05,4.388262971073082
2018-02-01,Agency_28,SKU_05,2.2561594730448844
2018-03-01,Agency_28,SKU_05,2.229220243624725
2018-04-01,Agency_28,SKU_05,2.383091244852384
2018-01-01,Agency_28,SKU_06,736.291512584805
2018-02-01,Agency_28,SKU_06,608.6924503590595
2018-03-01,Agency_28,SKU_06,274.7614193556293
2018-04-01,Agency_28,SKU_06,133.65578062727633
2018-01-01,Agency_28,SKU_08,6.930334991684731
2018-02-01,Agency_28,SKU_08,8.802607740269776
2018-03-01,Agency_28,SKU_08,3.573241718046065
2018-04-01,Agency_28,SKU_08,3.3374927992427996
2018-01-01,Agency_29,SKU_01,16.36548668709033
2018-02-01,Agency_29,SKU_01,7.692492973827725
2018-03-01,Agency_29,SKU_01,6.415025750874375
2018-04-01,Agency_29,SKU_01,6.036666727142628
2018-01-01,Agency_29,SKU_02,2.2761417623049933
2018-02-01,Agency_29,SKU_02,2.167577869419126
2018-03-01,Agency_29,SKU_02,2.1617152791689103
2018-04-01,Agency_29,SKU_02,2.9443815900008286
2018-01-01,Agency_29,SKU_03,5.690061272006516
2018-02-01,Agency_29,SKU_03,2.972822356158787
2018-03-01,Agency_29,SKU_03,2.7304093848703386
2018-04-01,Agency_29,SKU_03,3.325582921204465
2018-01-01,Agency_29,SKU_04,43.43215071561252
2018-02-01,Agency_29,SKU_04,27.484588372214226
2018-03-01,Agency_29,SKU_04,23.279829397053742
2018-04-01,Agency_29,SKU_04,15.210132297872505
2018-01-01,Agency_29,SKU_05,29.197254719218975
2018-02-01,Agency_29,SKU_05,13.52622971814096
2018-03-01,Agency_29,SKU_05,11.595614700870216
2018-04-01,Agency_29,SKU_05,8.39223833754869
2018-01-01,Agency_29,SKU_06,10.130069024522093
2018-02-01,Agency_29,SKU_06,6.493845759241045
2018-03-01,Agency_29,SKU_06,8.581438914505242
2018-04-01,Agency_29,SKU_06,4.510087138714842
2018-01-01,Agency_29,SKU_08,2.480596670775422
2018-02-01,Agency_29,SKU_08,2.2466989919604305
2018-03-01,Agency_29,SKU_08,2.231021212982615
2018-04-01,Agency_29,SKU_08,2.3769929683244793
2018-01-01,Agency_30,SKU_01,927.0242173688866
2018-02-01,Agency_30,SKU_01,663.3771981137918
2018-03-01,Agency_30,SKU_01,299.60388136415736
2018-04-01,Agency_30,SKU_01,133.26164958702216
2018-01-01,Agency_30,SKU_02,173.50282961519733
2018-02-01,Agency_30,SKU_02,108.39601629932324
2018-03-01,Agency_30,SKU_02,106.7682055750284
2018-04-01,Agency_30,SKU_02,117.01231633215706
2018-01-01,Agency_30,SKU_03,11168.85369841232
2018-02-01,Agency_30,SKU_03,11727.279858294884
2018-03-01,Agency_30,SKU_03,9141.205727801369
2018-04-01,Agency_30,SKU_03,6945.32511208125
2018-01-01,Agency_30,SKU_04,4217.884814844099
2018-02-01,Agency_30,SKU_04,3049.7062944952177
2018-03-01,Agency_30,SKU_04,3258.836606397678
2018-04-01,Agency_30,SKU_04,328.26612248470263
2018-01-01,Agency_30,SKU_05,276.1127392008291
2018-02-01,Agency_30,SKU_05,263.6766531277764
2018-03-01,Agency_30,SKU_05,129.0270246060817
2018-04-01,Agency_30,SKU_05,114.76443818060419
2018-01-01,Agency_30,SKU_06,1.422855504333906
2018-02-01,Agency_30,SKU_06,1.149504500456188
2018-03-01,Agency_30,SKU_06,1.1089099579950328
2018-04-01,Agency_30,SKU_06,1.234848907360893
2018-01-01,Agency_30,SKU_08,79.9059287648374
2018-02-01,Agency_30,SKU_08,66.58972802027253
2018-03-01,Agency_30,SKU_08,66.18678212488955
2018-04-01,Agency_30,SKU_08,66.43622970378824
2018-01-01,Agency_31,SKU_01,229.9270563351668
2018-02-01,Agency_31,SKU_01,128.99289838326203
2018-03-01,Agency_31,SKU_01,109.41722493351836
2018-04-01,Agency_31,SKU_01,113.21053964269461
2018-01-01,Agency_31,SKU_02,36.89051375479937
2018-02-01,Agency_31,SKU_02,25.292746260794182
2018-03-01,Agency_31,SKU_02,21.609253258946545
2018-04-01,Agency_31,SKU_02,15.278468458660473
2018-01-01,Agency_31,SKU_03,588.3113646203235
2018-02-01,Agency_31,SKU_03,434.7358728773217
2018-03-01,Agency_31,SKU_03,252.1467627883274
2018-04-01,Agency_31,SKU_03,125.14595291760719
2018-01-01,Agency_31,SKU_04,1151.9644123916028
2018-02-01,Agency_31,SKU_04,736.4153264443577
2018-03-01,Agency_31,SKU_04,529.8027099934826
2018-04-01,Agency_31,SKU_04,147.1100851234338
2018-01-01,Agency_31,SKU_05,25.496763629611955
2018-02-01,Agency_31,SKU_05,10.999400407534944
2018-03-01,Agency_31,SKU_05,9.53069936796268
2018-04-01,Agency_31,SKU_05,7.950538382706211
2018-01-01,Agency_31,SKU_08,1.5234489545417838
2018-02-01,Agency_31,SKU_08,1.2111996415868944
2018-03-01,Agency_31,SKU_08,0.4217639784742264
2018-04-01,Agency_31,SKU_08,0.2723241716074947
2018-01-01,Agency_32,SKU_01,1637.1186780377063
2018-02-01,Agency_32,SKU_01,1288.9667633739425
2018-03-01,Agency_32,SKU_01,1171.0383574738867
2018-04-01,Agency_32,SKU_01,187.67524877918476
2018-01-01,Agency_32,SKU_02,2529.6434336255593
2018-02-01,Agency_32,SKU_02,2016.0774202715395
2018-03-01,Agency_32,SKU_02,1428.1528861447043
2018-04-01,Agency_32,SKU_02,257.5080445992557
2018-01-01,Agency_32,SKU_03,1131.1097006888433
2018-02-01,Agency_32,SKU_03,1079.2094422952725
2018-03-01,Agency_32,SKU_03,636.296783482777
2018-04-01,Agency_32,SKU_03,168.44643172500372
2018-01-01,Agency_32,SKU_04,2333.020671637738
2018-02-01,Agency_32,SKU_04,2139.390220286728
2018-03-01,Agency_32,SKU_04,1787.8860205292222
2018-04-01,Agency_32,SKU_04,294.82750564723705
2018-01-01,Agency_32,SKU_05,3883.752730598733
2018-02-01,Agency_32,SKU_05,2894.638414831582
2018-03-01,Agency_32,SKU_05,2221.9527767747513
2018-04-01,Agency_32,SKU_05,341.4038316672214
2018-01-01,Agency_32,SKU_14,0.21760050278687426
2018-02-01,Agency_32,SKU_14,0.22504318162847872
2018-03-01,Agency_32,SKU_14,0.21310681671223403
2018-04-01,Agency_32,SKU_14,0.050089151951056704
2018-01-01,Agency_33,SKU_03,2.9802703484802193
2018-02-01,Agency_33,SKU_03,2.5167929704347154
2018-03-01,Agency_33,SKU_03,2.529468914073516
2018-04-01,Agency_33,SKU_03,2.356678118136109
2018-01-01,Agency_33,SKU_04,40.05992244439904
2018-02-01,Agency_33,SKU_04,28.23893966497881
2018-03-01,Agency_33,SKU_04,27.510559682637638
2018-04-01,Agency_33,SKU_04,16.66003296139761
2018-01-01,Agency_33,SKU_18,1.9183697252291885
2018-02-01,Agency_33,SKU_18,1.3179329142786318
2018-03-01,Agency_33,SKU_18,0.3895497393776789
2018-04-01,Agency_33,SKU_18,0.2561463418322409
2018-01-01,Agency_34,SKU_03,0.3218830463156106
2018-02-01,Agency_34,SKU_03,0.3137574924545265
2018-03-01,Agency_34,SKU_03,0.27077444361745273
2018-04-01,Agency_34,SKU_03,0.1912538720916867
2018-01-01,Agency_34,SKU_04,23.87198346461921
2018-02-01,Agency_34,SKU_04,10.17973166801623
2018-03-01,Agency_34,SKU_04,10.455107057255294
2018-04-01,Agency_34,SKU_04,9.738799257045907
2018-01-01,Agency_34,SKU_22,0.17791680537994423
2018-02-01,Agency_34,SKU_22,0.25181127979676377
2018-03-01,Agency_34,SKU_22,0.05095717408248333
2018-04-01,Agency_34,SKU_22,0.0498852551353115
2018-01-01,Agency_35,SKU_03,0.5665460640262073
2018-02-01,Agency_35,SKU_03,0.3653120127746273
2018-03-01,Agency_35,SKU_03,0.3021044811373001
2018-04-01,Agency_35,SKU_03,0.36910705049703324
2018-01-01,Agency_35,SKU_04,10.643339748508755
2018-02-01,Agency_35,SKU_04,6.887043075695921
2018-03-01,Agency_35,SKU_04,6.433365050252723
2018-04-01,Agency_35,SKU_04,4.184892747012392
2018-01-01,Agency_35,SKU_32,0.08771502719688401
2018-02-01,Agency_35,SKU_32,0.0970284514561793
2018-03-01,Agency_35,SKU_32,0.02959411522335923
2018-04-01,Agency_35,SKU_32,0.02959411522335923
2018-01-01,Agency_36,SKU_03,1.2129439076098891
2018-02-01,Agency_36,SKU_03,0.9712022102083498
2018-03-01,Agency_36,SKU_03,0.46265110081058497
2018-04-01,Agency_36,SKU_03,0.2975011496699931
2018-01-01,Agency_36,SKU_04,19.245830661301998
2018-02-01,Agency_36,SKU_04,7.761698781749472
2018-03-01,Agency_36,SKU_04,6.492666405483861
2018-04-01,Agency_36,SKU_04,5.182042153722535
2018-01-01,Agency_36,SKU_22,2.803615421246717
2018-02-01,Agency_36,SKU_22,2.843693555590992
2018-03-01,Agency_36,SKU_22,2.5587189872725773
2018-04-01,Agency_36,SKU_22,2.239667431334729
2018-01-01,Agency_37,SKU_04,4.516546120930032
2018-02-01,Agency_37,SKU_04,5.102709685191832
2018-03-01,Agency_37,SKU_04,3.687412816340004
2018-04-01,Agency_37,SKU_04,14.868567340912689
2018-01-01,Agency_37,SKU_18,2.3541480111544435
2018-02-01,Agency_37,SKU_18,2.3685321312263103
2018-03-01,Agency_37,SKU_18,2.3360554657498493
2018-04-01,Agency_37,SKU_18,2.7261347153390108
2018-01-01,Agency_38,SKU_01,10483.949396571586
2018-02-01,Agency_38,SKU_01,9219.161374239262
2018-03-01,Agency_38,SKU_01,8268.352297220776
2018-04-01,Agency_38,SKU_01,6513.200866772129
2018-01-01,Agency_38,SKU_02,4642.348476752122
2018-02-01,Agency_38,SKU_02,3947.5348188607777
2018-03-01,Agency_38,SKU_02,3445.91947932493
2018-04-01,Agency_38,SKU_02,407.4336456393797
2018-01-01,Agency_38,SKU_03,2073.733272669583
2018-02-01,Agency_38,SKU_03,1634.8311371081172
2018-03-01,Agency_38,SKU_03,1422.5226360513332
2018-04-01,Agency_38,SKU_03,193.84324350555562
2018-01-01,Agency_38,SKU_04,1691.3521319861075
2018-02-01,Agency_38,SKU_04,1189.6374465159226
2018-03-01,Agency_38,SKU_04,1557.3529510221192
2018-04-01,Agency_38,SKU_04,225.97483385142172
2018-01-01,Agency_38,SKU_05,2759.897041797496
2018-02-01,Agency_38,SKU_05,2134.876994914321
2018-03-01,Agency_38,SKU_05,1851.4054513723581
2018-04-01,Agency_38,SKU_05,274.36294787154156
2018-01-01,Agency_38,SKU_07,29.792202639271817
2018-02-01,Agency_38,SKU_07,23.40816479218367
2018-03-01,Agency_38,SKU_07,15.80207646467695
2018-04-01,Agency_38,SKU_07,13.567827128189064
2018-01-01,Agency_38,SKU_14,0.20734597065171742
2018-02-01,Agency_38,SKU_14,0.19608303117784137
2018-03-01,Agency_38,SKU_14,0.19527129074951527
2018-04-01,Agency_38,SKU_14,0.25952679762646874
2018-01-01,Agency_38,SKU_21,0.2043339706517174
2018-02-01,Agency_38,SKU_21,0.19145747838385688
2018-03-01,Agency_38,SKU_21,0.05176891451080942
2018-04-01,Agency_38,SKU_21,0.0509008923793828
2018-01-01,Agency_39,SKU_01,3456.140832231368
2018-02-01,Agency_39,SKU_01,2588.942627744717
2018-03-01,Agency_39,SKU_01,2064.3928892235695
2018-04-01,Agency_39,SKU_01,315.92059734209755
2018-01-01,Agency_39,SKU_02,4348.143354659241
2018-02-01,Agency_39,SKU_02,4189.139655389259
2018-03-01,Agency_39,SKU_02,3434.9521520851135
2018-04-01,Agency_39,SKU_02,388.8709132697218
2018-01-01,Agency_39,SKU_03,187.0451094662498
2018-02-01,Agency_39,SKU_03,124.17252142769556
2018-03-01,Agency_39,SKU_03,117.35883446808221
2018-04-01,Agency_39,SKU_03,130.34149618433577
2018-01-01,Agency_39,SKU_04,1962.4626606687523
2018-02-01,Agency_39,SKU_04,944.6612869706881
2018-03-01,Agency_39,SKU_04,1686.935477089057
2018-04-01,Agency_39,SKU_04,201.07120990056808
2018-01-01,Agency_39,SKU_05,6032.563287510174
2018-02-01,Agency_39,SKU_05,4699.255619420953
2018-03-01,Agency_39,SKU_05,3962.642131448693
2018-04-01,Agency_39,SKU_05,821.1645283916567
2018-01-01,Agency_39,SKU_07,19.323759309197065
2018-02-01,Agency_39,SKU_07,7.1547346300964305
2018-03-01,Agency_39,SKU_07,6.12327262645258
2018-04-01,Agency_39,SKU_07,3.825009390313385
2018-01-01,Agency_40,SKU_03,20.159046578618973
2018-02-01,Agency_40,SKU_03,9.638750547230583
2018-03-01,Agency_40,SKU_03,8.095572924982758
2018-04-01,Agency_40,SKU_03,7.452634105234918
2018-01-01,Agency_40,SKU_04,597.5249686213017
2018-02-01,Agency_40,SKU_04,400.294209722772
2018-03-01,Agency_40,SKU_04,434.8067419356112
2018-04-01,Agency_40,SKU_04,159.64263386370445
2018-01-01,Agency_40,SKU_18,2.382842854933548
2018-02-01,Agency_40,SKU_18,2.382842854933548
2018-03-01,Agency_40,SKU_18,2.382842854933548
2018-04-01,Agency_40,SKU_18,3.0315372558344342
2018-01-01,Agency_41,SKU_01,4786.09644911149
2018-02-01,Agency_41,SKU_01,4235.255666739912
2018-03-01,Agency_41,SKU_01,3507.6359935601504
2018-04-01,Agency_41,SKU_01,748.5499681216443
2018-01-01,Agency_41,SKU_02,4479.787546311588
2018-02-01,Agency_41,SKU_02,4006.75818209485
2018-03-01,Agency_41,SKU_02,3434.5134859396117
2018-04-01,Agency_41,SKU_02,397.1295482025376
2018-01-01,Agency_41,SKU_03,1231.9927767781628
2018-02-01,Agency_41,SKU_03,1125.6256272168139
2018-03-01,Agency_41,SKU_03,1005.6889370219943
2018-04-01,Agency_41,SKU_03,161.96718487650452
2018-01-01,Agency_41,SKU_04,1061.6670993433277
2018-02-01,Agency_41,SKU_04,553.2255601271179
2018-03-01,Agency_41,SKU_04,494.627149459767
2018-04-01,Agency_41,SKU_04,161.6918443519634
2018-01-01,Agency_41,SKU_05,2513.2542235265914
2018-02-01,Agency_41,SKU_05,2164.260380832661
2018-03-01,Agency_41,SKU_05,1715.2263929531284
2018-04-01,Agency_41,SKU_05,273.64630055810153
2018-01-01,Agency_42,SKU_01,257.79407350636416
2018-02-01,Agency_42,SKU_01,217.3468212118766
2018-03-01,Agency_42,SKU_01,120.27521141205645
2018-04-01,Agency_42,SKU_01,129.98320508132926
2018-01-01,Agency_42,SKU_02,134.38830282192947
2018-02-01,Agency_42,SKU_02,107.04036217513784
2018-03-01,Agency_42,SKU_02,79.07908115239984
2018-04-01,Agency_42,SKU_02,116.52079647740572
2018-01-01,Agency_42,SKU_03,1607.807390551562
2018-02-01,Agency_42,SKU_03,1265.8373652501753
2018-03-01,Agency_42,SKU_03,1116.4343814734534
2018-04-01,Agency_42,SKU_03,167.32026594457173
2018-01-01,Agency_42,SKU_04,130.82440838380788
2018-02-01,Agency_42,SKU_04,109.81836296011836
2018-03-01,Agency_42,SKU_04,123.57470303194978
2018-04-01,Agency_42,SKU_04,115.30344293553557
2018-01-01,Agency_42,SKU_05,524.5350136971558
2018-02-01,Agency_42,SKU_05,426.5721660635493
2018-03-01,Agency_42,SKU_05,272.73011266260346
2018-04-01,Agency_42,SKU_05,140.50075742125466
2018-01-01,Agency_43,SKU_01,398.7404555653081
2018-02-01,Agency_43,SKU_01,229.9721937869122
2018-03-01,Agency_43,SKU_01,120.49923864372087
2018-04-01,Agency_43,SKU_01,129.83177291407125
2018-01-01,Agency_43,SKU_02,407.77915596047603
2018-02-01,Agency_43,SKU_02,269.69668861478476
2018-03-01,Agency_43,SKU_02,123.26322588783323
2018-04-01,Agency_43,SKU_02,129.17490718701447
2018-01-01,Agency_43,SKU_03,22.54635288584747
2018-02-01,Agency_43,SKU_03,18.402682216179038
2018-03-01,Agency_43,SKU_03,13.041360493348575
2018-04-01,Agency_43,SKU_03,9.880982191223547
2018-01-01,Agency_43,SKU_04,170.31773121049184
2018-02-01,Agency_43,SKU_04,101.72496730991857
2018-03-01,Agency_43,SKU_04,128.24837471579147
2018-04-01,Agency_43,SKU_04,97.51037933281421
2018-01-01,Agency_43,SKU_05,488.1599367819155
2018-02-01,Agency_43,SKU_05,457.86678896190693
2018-03-01,Agency_43,SKU_05,252.00284760807145
2018-04-01,Agency_43,SKU_05,142.4092306568505
2018-01-01,Agency_44,SKU_01,23.556184913074915
2018-02-01,Agency_44,SKU_01,17.624872192180263
2018-03-01,Agency_44,SKU_01,15.514311127461513
2018-04-01,Agency_44,SKU_01,10.328741114142044
2018-01-01,Agency_44,SKU_02,2.5407645278441833
2018-02-01,Agency_44,SKU_02,2.2500933813183854
2018-03-01,Agency_44,SKU_02,2.2500933813183854
2018-04-01,Agency_44,SKU_02,2.994184519796261
2018-01-01,Agency_44,SKU_03,151.32322935350317
2018-02-01,Agency_44,SKU_03,110.51032710842814
2018-03-01,Agency_44,SKU_03,84.59521738181466
2018-04-01,Agency_44,SKU_03,94.58298714492946
2018-01-01,Agency_44,SKU_04,75.0827450854615
2018-02-01,Agency_44,SKU_04,63.098514017873626
2018-03-01,Agency_44,SKU_04,45.65231637169328
2018-04-01,Agency_44,SKU_04,37.78393434017523
2018-01-01,Agency_44,SKU_05,3.9475000128865214
2018-02-01,Agency_44,SKU_05,3.0501459588474513
2018-03-01,Agency_44,SKU_05,2.6233832447616905
2018-04-01,Agency_44,SKU_05,3.2075097902929572
2018-01-01,Agency_45,SKU_01,69.68759712805007
2018-02-01,Agency_45,SKU_01,50.18332908131471
2018-03-01,Agency_45,SKU_01,48.55254327083566
2018-04-01,Agency_45,SKU_01,54.781230206578996
2018-01-01,Agency_45,SKU_02,68.29547360527093
2018-02-01,Agency_45,SKU_02,49.8580947084196
2018-03-01,Agency_45,SKU_02,62.71610791715814
2018-04-01,Agency_45,SKU_02,58.93187933440382
2018-01-01,Agency_45,SKU_03,30.58228550730222
2018-02-01,Agency_45,SKU_03,19.660517076901687
2018-03-01,Agency_45,SKU_03,16.674221625285814
2018-04-01,Agency_45,SKU_03,12.96614118627507
2018-01-01,Agency_45,SKU_04,266.3193248618265
2018-02-01,Agency_45,SKU_04,237.8537152871146
2018-03-01,Agency_45,SKU_04,186.39204935852777
2018-04-01,Agency_45,SKU_04,116.28075783185271
2018-01-01,Agency_45,SKU_05,768.7640981951564
2018-02-01,Agency_45,SKU_05,479.3200335732318
2018-03-01,Agency_45,SKU_05,433.47509763661674
2018-04-01,Agency_45,SKU_05,135.62092265035497
2018-01-01,Agency_45,SKU_08,0.48456412009775546
2018-02-01,Agency_45,SKU_08,0.27540989102811086
2018-03-01,Agency_45,SKU_08,0.23892934794526918
2018-04-01,Agency_45,SKU_08,0.2575775300412962
2018-01-01,Agency_46,SKU_01,4343.815495572389
2018-02-01,Agency_46,SKU_01,3291.1034366778213
2018-03-01,Agency_46,SKU_01,3369.8708687103176
2018-04-01,Agency_46,SKU_01,294.36613323688783
2018-01-01,Agency_46,SKU_02,4573.206664369894
2018-02-01,Agency_46,SKU_02,3735.3132359292877
2018-03-01,Agency_46,SKU_02,3386.2928501130514
2018-04-01,Agency_46,SKU_02,344.7669518980501
2018-01-01,Agency_46,SKU_03,3154.579370788849
2018-02-01,Agency_46,SKU_03,2312.4808113949384
2018-03-01,Agency_46,SKU_03,2172.2277677022853
2018-04-01,Agency_46,SKU_03,255.56937236633522
2018-01-01,Agency_46,SKU_04,3893.242682683384
2018-02-01,Agency_46,SKU_04,2784.97767201025
2018-03-01,Agency_46,SKU_04,2671.593990124095
2018-04-01,Agency_46,SKU_04,309.96640820553995
2018-01-01,Agency_46,SKU_05,4775.813446745279
2018-02-01,Agency_46,SKU_05,3553.1455039410316
2018-03-01,Agency_46,SKU_05,3441.522188669424
2018-04-01,Agency_46,SKU_05,358.18972547267197
2018-01-01,Agency_46,SKU_17,2.1034098095817675
2018-02-01,Agency_46,SKU_17,2.067015813345368
2018-03-01,Agency_46,SKU_17,0.26488114613051533
2018-04-01,Agency_46,SKU_17,1.759111165821375
2018-01-01,Agency_47,SKU_01,3.3873969192704285
2018-02-01,Agency_47,SKU_01,2.3294263501851025
2018-03-01,Agency_47,SKU_01,2.2532015665985434
2018-04-01,Agency_47,SKU_01,3.1910972713802916
2018-01-01,Agency_47,SKU_02,2.1335443153305094
2018-02-01,Agency_47,SKU_02,2.1335443153305094
2018-03-01,Agency_47,SKU_02,2.1335443153305094
2018-04-01,Agency_47,SKU_02,2.541058402396755
2018-01-01,Agency_47,SKU_03,238.91548660408347
2018-02-01,Agency_47,SKU_03,194.98297325289155
2018-03-01,Agency_47,SKU_03,115.51117197387765
2018-04-01,Agency_47,SKU_03,116.39930972168386
2018-01-01,Agency_47,SKU_04,56.74803362376383
2018-02-01,Agency_47,SKU_04,29.99799364605553
2018-03-01,Agency_47,SKU_04,24.205509369600488
2018-04-01,Agency_47,SKU_04,18.28694302835171
2018-01-01,Agency_47,SKU_05,2.1335443153305094
2018-02-01,Agency_47,SKU_05,2.4435370550893922
2018-03-01,Agency_47,SKU_05,2.1335443153305094
2018-04-01,Agency_47,SKU_05,2.488198712404364
2018-01-01,Agency_47,SKU_17,0.8803348463150918
2018-02-01,Agency_47,SKU_17,0.8803348463150918
2018-03-01,Agency_47,SKU_17,0.865269594801552
2018-04-01,Agency_47,SKU_17,1.2238623523272218
2018-01-01,Agency_48,SKU_01,2647.1130448463755
2018-02-01,Agency_48,SKU_01,2046.750136438794
2018-03-01,Agency_48,SKU_01,1644.802933462651
2018-04-01,Agency_48,SKU_01,275.58600561596126
2018-01-01,Agency_48,SKU_02,712.2058524775006
2018-02-01,Agency_48,SKU_02,493.7057471307153
2018-03-01,Agency_48,SKU_02,296.1081499709888
2018-04-01,Agency_48,SKU_02,128.81054198234733
2018-01-01,Agency_48,SKU_03,8872.24228526621
2018-02-01,Agency_48,SKU_03,9268.218841985963
2018-03-01,Agency_48,SKU_03,8077.479263084798
2018-04-01,Agency_48,SKU_03,6102.359210251723
2018-01-01,Agency_48,SKU_04,2394.133235619777
2018-02-01,Agency_48,SKU_04,1967.7680223384752
2018-03-01,Agency_48,SKU_04,1646.9125556821627
2018-04-01,Agency_48,SKU_04,243.27302850944704
2018-01-01,Agency_48,SKU_05,1758.2310667189463
2018-02-01,Agency_48,SKU_05,1340.4777039296189
2018-03-01,Agency_48,SKU_05,1281.4798405613726
2018-04-01,Agency_48,SKU_05,216.07573669218542
2018-01-01,Agency_48,SKU_07,6.533478887194358
2018-02-01,Agency_48,SKU_07,5.306118445908462
2018-03-01,Agency_48,SKU_07,3.72348415997849
2018-04-01,Agency_48,SKU_07,3.5754987275285446
2018-01-01,Agency_48,SKU_17,3.1740203348065625
2018-02-01,Agency_48,SKU_17,2.44425332307657
2018-03-01,Agency_48,SKU_17,2.4658902490444943
2018-04-01,Agency_48,SKU_17,2.81616230807324
2018-01-01,Agency_48,SKU_23,1.6452659324442678
2018-02-01,Agency_48,SKU_23,1.6298304004979762
2018-03-01,Agency_48,SKU_23,1.5835186300307242
2018-04-01,Agency_48,SKU_23,1.966186686650711
2018-01-01,Agency_48,SKU_28,0.047495532497713364
2018-02-01,Agency_48,SKU_28,0.03151418637002383
2018-03-01,Agency_48,SKU_28,0.03151418637002383
2018-04-01,Agency_48,SKU_28,0.0509008923793828
2018-01-01,Agency_49,SKU_01,2018.9201685485864
2018-02-01,Agency_49,SKU_01,1457.8343527429004
2018-03-01,Agency_49,SKU_01,1371.5099732591436
2018-04-01,Agency_49,SKU_01,207.23917533310927
2018-01-01,Agency_49,SKU_02,2967.1982137889063
2018-02-01,Agency_49,SKU_02,2193.0875114796804
2018-03-01,Agency_49,SKU_02,1661.1499297491769
2018-04-01,Agency_49,SKU_02,271.71762353600985
2018-01-01,Agency_49,SKU_03,10209.378470975707
2018-02-01,Agency_49,SKU_03,9240.729335092446
2018-03-01,Agency_49,SKU_03,8215.638367831214
2018-04-01,Agency_49,SKU_03,6394.1147437767995
2018-01-01,Agency_49,SKU_04,2220.326998950364
2018-02-01,Agency_49,SKU_04,1589.9114017978422
2018-03-01,Agency_49,SKU_04,1729.081735780116
2018-04-01,Agency_49,SKU_04,209.38891058393776
2018-01-01,Agency_49,SKU_05,2511.756773666997
2018-02-01,Agency_49,SKU_05,2090.208911157383
2018-03-01,Agency_49,SKU_05,1742.1795823515922
2018-04-01,Agency_49,SKU_05,279.28970988777047
2018-01-01,Agency_49,SKU_07,12.472253283441697
2018-02-01,Agency_49,SKU_07,7.651833390655649
2018-03-01,Agency_49,SKU_07,6.358068477732773
2018-04-01,Agency_49,SKU_07,3.8803906216021242
2018-01-01,Agency_49,SKU_23,0.42104441021623884
2018-02-01,Agency_49,SKU_23,0.31753366728790167
2018-03-01,Agency_49,SKU_23,0.26764747127890887
2018-04-01,Agency_49,SKU_23,0.29940400731338496
2018-01-01,Agency_49,SKU_34,26.418003387139514
2018-02-01,Agency_49,SKU_34,19.200820855147093
2018-03-01,Agency_49,SKU_34,10.916109486227352
2018-04-01,Agency_49,SKU_34,7.65629069840871
2018-01-01,Agency_50,SKU_01,1311.6167501022082
2018-02-01,Agency_50,SKU_01,1085.2756610919103
2018-03-01,Agency_50,SKU_01,640.0106059994806
2018-04-01,Agency_50,SKU_01,161.14762803148918
2018-01-01,Agency_50,SKU_02,8303.362916170943
2018-02-01,Agency_50,SKU_02,8175.6549333005505
2018-03-01,Agency_50,SKU_02,6879.261582945816
2018-04-01,Agency_50,SKU_02,5791.9275411852495
2018-01-01,Agency_50,SKU_03,460.31070699498696
2018-02-01,Agency_50,SKU_03,394.9701653213766
2018-03-01,Agency_50,SKU_03,210.56799895033265
2018-04-01,Agency_50,SKU_03,128.8624281187079
2018-01-01,Agency_50,SKU_04,2261.881207540273
2018-02-01,Agency_50,SKU_04,1360.3407680144153
2018-03-01,Agency_50,SKU_04,1610.0867120998785
2018-04-01,Agency_50,SKU_04,200.28512002595224
2018-01-01,Agency_50,SKU_05,3637.1781111067144
2018-02-01,Agency_50,SKU_05,2739.9010341568805
2018-03-01,Agency_50,SKU_05,2289.849102109901
2018-04-01,Agency_50,SKU_05,303.0502362721274
2018-01-01,Agency_50,SKU_17,0.28748363437707314
2018-02-01,Agency_50,SKU_17,0.2775218939604795
2018-03-01,Agency_50,SKU_17,0.34405672063914966
2018-04-01,Agency_50,SKU_17,0.049084495307224425
2018-01-01,Agency_51,SKU_01,4491.176424589558
2018-02-01,Agency_51,SKU_01,4080.019713377503
2018-03-01,Agency_51,SKU_01,3481.168793134878
2018-04-01,Agency_51,SKU_01,720.7640816691058
2018-01-01,Agency_51,SKU_02,4809.698773492761
2018-02-01,Agency_51,SKU_02,4056.9231829359087
2018-03-01,Agency_51,SKU_02,3577.6585425784942
2018-04-01,Agency_51,SKU_02,796.4043092420219
2018-01-01,Agency_51,SKU_03,4973.850302381347
2018-02-01,Agency_51,SKU_03,4236.714237752243
2018-03-01,Agency_51,SKU_03,3755.900937099985
2018-04-01,Agency_51,SKU_03,780.1149737389916
2018-01-01,Agency_51,SKU_04,3559.2472252361013
2018-02-01,Agency_51,SKU_04,2780.3728057335625
2018-03-01,Agency_51,SKU_04,2466.8824828266065
2018-04-01,Agency_51,SKU_04,333.4471219163403
2018-01-01,Agency_51,SKU_05,2104.606214556174
2018-02-01,Agency_51,SKU_05,1417.8466486014183
2018-03-01,Agency_51,SKU_05,1439.7951868370942
2018-04-01,Agency_51,SKU_05,214.51642419677927
2018-01-01,Agency_51,SKU_07,2.8498644961733888
2018-02-01,Agency_51,SKU_07,2.4009354003381413
2018-03-01,Agency_51,SKU_07,2.8148341374885018
2018-04-01,Agency_51,SKU_07,2.8206581248813047
2018-01-01,Agency_51,SKU_17,2.460270783150932
2018-02-01,Agency_51,SKU_17,2.4609381847534153
2018-03-01,Agency_51,SKU_17,2.4153195204100086
2018-04-01,Agency_51,SKU_17,2.865083637613818
2018-01-01,Agency_52,SKU_01,160.20700543200448
2018-02-01,Agency_52,SKU_01,111.46378613450278
2018-03-01,Agency_52,SKU_01,89.87692702841184
2018-04-01,Agency_52,SKU_01,130.28118617995563
2018-01-01,Agency_52,SKU_02,1182.001593307167
2018-02-01,Agency_52,SKU_02,1140.456807063618
2018-03-01,Agency_52,SKU_02,1128.693748886002
2018-04-01,Agency_52,SKU_02,160.12036783952254
2018-01-01,Agency_52,SKU_03,43.383899827683074
2018-02-01,Agency_52,SKU_03,25.049348666449823
2018-03-01,Agency_52,SKU_03,22.46097233521553
2018-04-01,Agency_52,SKU_03,15.024778227362276
2018-01-01,Agency_52,SKU_04,257.5281754868025
2018-02-01,Agency_52,SKU_04,149.34870541249063
2018-03-01,Agency_52,SKU_04,124.60583944109159
2018-04-01,Agency_52,SKU_04,131.5598078114272
2018-01-01,Agency_52,SKU_05,788.6937769378336
2018-02-01,Agency_52,SKU_05,527.4604607254463
2018-03-01,Agency_52,SKU_05,435.91926139342434
2018-04-01,Agency_52,SKU_05,132.55096633800596
2018-01-01,Agency_53,SKU_01,3952.3364794114837
2018-02-01,Agency_53,SKU_01,3331.72896032077
2018-03-01,Agency_53,SKU_01,1871.4849016935243
2018-04-01,Agency_53,SKU_01,517.2123311160925
2018-01-01,Agency_53,SKU_02,5520.030785014804
2018-02-01,Agency_53,SKU_02,5160.772196632719
2018-03-01,Agency_53,SKU_02,4622.0425668145535
2018-04-01,Agency_53,SKU_02,962.6606729413764
2018-01-01,Agency_53,SKU_03,425.7877339464717
2018-02-01,Agency_53,SKU_03,283.1140203800538
2018-03-01,Agency_53,SKU_03,204.99501047252699
2018-04-01,Agency_53,SKU_03,126.84016987733929
2018-01-01,Agency_53,SKU_04,2314.684719890706
2018-02-01,Agency_53,SKU_04,1759.2544126488754
2018-03-01,Agency_53,SKU_04,1590.37457489606
2018-04-01,Agency_53,SKU_04,202.5469639241157
2018-01-01,Agency_53,SKU_05,6296.894881512431
2018-02-01,Agency_53,SKU_05,5546.314314889133
2018-03-01,Agency_53,SKU_05,4945.578745968532
2018-04-01,Agency_53,SKU_05,891.5263370252294
2018-01-01,Agency_53,SKU_07,2.4689523136690625
2018-02-01,Agency_53,SKU_07,1.708782632485078
2018-03-01,Agency_53,SKU_07,1.1929801281149985
2018-04-01,Agency_53,SKU_07,1.6153776682609924
2018-01-01,Agency_53,SKU_15,0.20185174392590438
2018-02-01,Agency_53,SKU_15,0.050089151951056704
2018-03-01,Agency_53,SKU_15,0.05118108080439211
2018-04-01,Agency_53,SKU_15,0.02959411522335923
2018-01-01,Agency_53,SKU_24,2.5946188334271207
2018-02-01,Agency_53,SKU_24,2.5946188334271207
2018-03-01,Agency_53,SKU_24,2.2774528782539476
2018-04-01,Agency_53,SKU_24,2.674705343257398
2018-01-01,Agency_54,SKU_01,55.79880525391829
2018-02-01,Agency_54,SKU_01,36.10301504440442
2018-03-01,Agency_54,SKU_01,25.20733594761971
2018-04-01,Agency_54,SKU_01,31.853699836443514
2018-01-01,Agency_54,SKU_02,44.394327302402104
2018-02-01,Agency_54,SKU_02,34.09471590098676
2018-03-01,Agency_54,SKU_02,23.10005597243194
2018-04-01,Agency_54,SKU_02,15.572505435022643
2018-01-01,Agency_54,SKU_03,215.92345788059893
2018-02-01,Agency_54,SKU_03,155.10839065814602
2018-03-01,Agency_54,SKU_03,112.55828617630344
2018-04-01,Agency_54,SKU_03,123.68624228374846
2018-01-01,Agency_54,SKU_04,137.30538180273265
2018-02-01,Agency_54,SKU_04,102.23569633208172
2018-03-01,Agency_54,SKU_04,93.48999538673411
2018-04-01,Agency_54,SKU_04,98.8763490047006
2018-01-01,Agency_54,SKU_05,102.49190228663542
2018-02-01,Agency_54,SKU_05,74.54143662547139
2018-03-01,Agency_54,SKU_05,72.8588966387551
2018-04-01,Agency_54,SKU_05,86.29278242951128
2018-01-01,Agency_54,SKU_14,0.030773534457545028
2018-02-01,Agency_54,SKU_14,0.02959411522335923
2018-03-01,Agency_54,SKU_14,0.02959411522335923
2018-04-01,Agency_54,SKU_14,0.02959411522335923
2018-01-01,Agency_54,SKU_15,0.030507960246348668
2018-02-01,Agency_54,SKU_15,0.02959411522335923
2018-03-01,Agency_54,SKU_15,0.02959411522335923
2018-04-01,Agency_54,SKU_15,0.02959411522335923
2018-01-01,Agency_55,SKU_01,3142.715947877956
2018-02-01,Agency_55,SKU_01,2615.2340549283813
2018-03-01,Agency_55,SKU_01,1710.772524480026
2018-04-01,Agency_55,SKU_01,320.3547324757553
2018-01-01,Agency_55,SKU_02,1187.9488093357404
2018-02-01,Agency_55,SKU_02,1364.9963261898195
2018-03-01,Agency_55,SKU_02,384.4349635951391
2018-04-01,Agency_55,SKU_02,154.14143464933122
2018-01-01,Agency_55,SKU_03,7116.1523907058345
2018-02-01,Agency_55,SKU_03,5778.407366107506
2018-03-01,Agency_55,SKU_03,5179.334286330645
2018-04-01,Agency_55,SKU_03,2495.7885903145293
2018-01-01,Agency_55,SKU_04,2520.1286155239727
2018-02-01,Agency_55,SKU_04,2137.150920224794
2018-03-01,Agency_55,SKU_04,1942.249060090306
2018-04-01,Agency_55,SKU_04,313.85647631528667
2018-01-01,Agency_55,SKU_05,1067.1432145500478
2018-02-01,Agency_55,SKU_05,668.1122987746427
2018-03-01,Agency_55,SKU_05,545.2155436391041
2018-04-01,Agency_55,SKU_05,164.91069126995515
2018-01-01,Agency_56,SKU_01,2982.0657353184974
2018-02-01,Agency_56,SKU_01,2226.8280871795264
2018-03-01,Agency_56,SKU_01,1820.0656259029724
2018-04-01,Agency_56,SKU_01,298.5823419814372
2018-01-01,Agency_56,SKU_02,993.5973579095936
2018-02-01,Agency_56,SKU_02,270.19176899104673
2018-03-01,Agency_56,SKU_02,239.23136967304472
2018-04-01,Agency_56,SKU_02,139.03615007589096
2018-01-01,Agency_56,SKU_03,7738.253018105372
2018-02-01,Agency_56,SKU_03,6184.315518703574
2018-03-01,Agency_56,SKU_03,5175.634889637209
2018-04-01,Agency_56,SKU_03,5326.615698806858
2018-01-01,Agency_56,SKU_04,3720.533000713964
2018-02-01,Agency_56,SKU_04,2245.9512820548034
2018-03-01,Agency_56,SKU_04,2826.494935183111
2018-04-01,Agency_56,SKU_04,347.65266906894817
2018-01-01,Agency_56,SKU_05,1237.516451799454
2018-02-01,Agency_56,SKU_05,733.5551562851335
2018-03-01,Agency_56,SKU_05,343.43594112761764
2018-04-01,Agency_56,SKU_05,125.26101367069123
2018-01-01,Agency_57,SKU_01,8432.708680821512
2018-02-01,Agency_57,SKU_01,7000.383763127756
2018-03-01,Agency_57,SKU_01,6924.243071104151
2018-04-01,Agency_57,SKU_01,6353.8495111695565
2018-01-01,Agency_57,SKU_02,7583.428490625168
2018-02-01,Agency_57,SKU_02,6006.564714152003
2018-03-01,Agency_57,SKU_02,5101.25712720769
2018-04-01,Agency_57,SKU_02,4332.440759041778
2018-01-01,Agency_57,SKU_03,1773.654081056537
2018-02-01,Agency_57,SKU_03,926.8322739347668
2018-03-01,Agency_57,SKU_03,1239.886755040547
2018-04-01,Agency_57,SKU_03,181.51073803292525
2018-01-01,Agency_57,SKU_04,2550.342563919576
2018-02-01,Agency_57,SKU_04,2057.826794138107
2018-03-01,Agency_57,SKU_04,1661.7424634828567
2018-04-01,Agency_57,SKU_04,275.34885666870537
2018-01-01,Agency_57,SKU_05,2764.14065666472
2018-02-01,Agency_57,SKU_05,2179.2242789091665
2018-03-01,Agency_57,SKU_05,1802.6198597018933
2018-04-01,Agency_57,SKU_05,280.59267232515765
2018-01-01,Agency_57,SKU_07,130.1490625485606
2018-02-01,Agency_57,SKU_07,85.66104563504123
2018-03-01,Agency_57,SKU_07,79.31156791128966
2018-04-01,Agency_57,SKU_07,92.24634369188794
2018-01-01,Agency_57,SKU_17,2.8760090205898314
2018-02-01,Agency_57,SKU_17,2.907465264509245
2018-03-01,Agency_57,SKU_17,2.9934328285944534
2018-04-01,Agency_57,SKU_17,3.5286918658302184
2018-01-01,Agency_57,SKU_23,2.6008493990638843
2018-02-01,Agency_57,SKU_23,2.100465305094611
2018-03-01,Agency_57,SKU_23,2.0432315601704247
2018-04-01,Agency_57,SKU_23,2.3631707948855603
2018-01-01,Agency_58,SKU_01,5111.054153728165
2018-02-01,Agency_58,SKU_01,3640.003456063674
2018-03-01,Agency_58,SKU_01,2645.0223659693065
2018-04-01,Agency_58,SKU_01,785.3094473574236
2018-01-01,Agency_58,SKU_02,4444.212226474205
2018-02-01,Agency_58,SKU_02,3439.977157673579
2018-03-01,Agency_58,SKU_02,3470.227229391916
2018-04-01,Agency_58,SKU_02,413.18236006839913
2018-01-01,Agency_58,SKU_03,235.7751487640455
2018-02-01,Agency_58,SKU_03,184.49311896783314
2018-03-01,Agency_58,SKU_03,116.87926300511826
2018-04-01,Agency_58,SKU_03,122.61240992922498
2018-01-01,Agency_58,SKU_04,1118.2861418389555
2018-02-01,Agency_58,SKU_04,927.5610709734187
2018-03-01,Agency_58,SKU_04,427.06131176875374
2018-04-01,Agency_58,SKU_04,154.80071565909952
2018-01-01,Agency_58,SKU_05,1637.0595572175482
2018-02-01,Agency_58,SKU_05,1342.4487386503365
2018-03-01,Agency_58,SKU_05,1357.0116052213723
2018-04-01,Agency_58,SKU_05,173.77447741826134
2018-01-01,Agency_58,SKU_07,38.15880992717034
2018-02-01,Agency_58,SKU_07,22.567826031032098
2018-03-01,Agency_58,SKU_07,17.313789565826124
2018-04-01,Agency_58,SKU_07,15.357546536186959
2018-01-01,Agency_58,SKU_17,2.6440345324622254
2018-02-01,Agency_58,SKU_17,2.9679828010647276
2018-03-01,Agency_58,SKU_17,2.9229462563436632
2018-04-01,Agency_58,SKU_17,3.458205293579429
2018-01-01,Agency_58,SKU_23,3.08844313353477
2018-02-01,Agency_58,SKU_23,2.7554555435238965
2018-03-01,Agency_58,SKU_23,2.6704190705480246
2018-04-01,Agency_58,SKU_23,3.519006307822683
2018-01-01,Agency_59,SKU_01,6230.791585829507
2018-02-01,Agency_59,SKU_01,5353.649220382041
2018-03-01,Agency_59,SKU_01,5174.11359454796
2018-04-01,Agency_59,SKU_01,811.1521748011504
2018-01-01,Agency_59,SKU_02,5316.162308081907
2018-02-01,Agency_59,SKU_02,4374.698875668512
2018-03-01,Agency_59,SKU_02,4108.495751870854
2018-04-01,Agency_59,SKU_02,761.3374926381634
2018-01-01,Agency_59,SKU_03,543.159186623167
2018-02-01,Agency_59,SKU_03,437.55817596291524
2018-03-01,Agency_59,SKU_03,266.38061514053726
2018-04-01,Agency_59,SKU_03,130.9123889804042
2018-01-01,Agency_59,SKU_04,1720.2209015649737
2018-02-01,Agency_59,SKU_04,1129.2233953586879
2018-03-01,Agency_59,SKU_04,1378.314314133636
2018-04-01,Agency_59,SKU_04,185.09105948188562
2018-01-01,Agency_59,SKU_05,1695.3718758354537
2018-02-01,Agency_59,SKU_05,1270.3418881554555
2018-03-01,Agency_59,SKU_05,1282.3118809278226
2018-04-01,Agency_59,SKU_05,175.98361976879733
2018-01-01,Agency_59,SKU_07,17.81284601992471
2018-02-01,Agency_59,SKU_07,8.00611417680555
2018-03-01,Agency_59,SKU_07,6.585342123189775
2018-04-01,Agency_59,SKU_07,4.592644429447936
2018-01-01,Agency_59,SKU_17,0.2537828929519057
2018-02-01,Agency_59,SKU_17,0.06303185398468542
2018-03-01,Agency_59,SKU_17,0.056429195928647695
2018-04-01,Agency_59,SKU_17,0.03890753948265453
2018-01-01,Agency_60,SKU_01,9398.468896668815
2018-02-01,Agency_60,SKU_01,8909.954861623892
2018-03-01,Agency_60,SKU_01,8400.54727439414
2018-04-01,Agency_60,SKU_01,6577.326662392043
2018-01-01,Agency_60,SKU_02,5466.643771586673
2018-02-01,Agency_60,SKU_02,4521.927101381661
2018-03-01,Agency_60,SKU_02,4052.4536172049793
2018-04-01,Agency_60,SKU_02,764.6238887760976
2018-01-01,Agency_60,SKU_03,323.83310251310877
2018-02-01,Agency_60,SKU_03,285.4130721011632
2018-03-01,Agency_60,SKU_03,125.59468311655957
2018-04-01,Agency_60,SKU_03,128.14349726823332
2018-01-01,Agency_60,SKU_04,1798.8761864973512
2018-02-01,Agency_60,SKU_04,1251.4984275966601
2018-03-01,Agency_60,SKU_04,1387.305411052404
2018-04-01,Agency_60,SKU_04,192.61030308434047
2018-01-01,Agency_60,SKU_05,2160.150294961946
2018-02-01,Agency_60,SKU_05,1442.3638645267138
2018-03-01,Agency_60,SKU_05,1502.0971821889966
2018-04-01,Agency_60,SKU_05,219.28494997320527
2018-01-01,Agency_60,SKU_07,68.29927317930918
2018-02-01,Agency_60,SKU_07,57.999029893040486
2018-03-01,Agency_60,SKU_07,49.196542132943065
2018-04-01,Agency_60,SKU_07,23.001233897803463
2018-01-01,Agency_60,SKU_23,2.7354661219906227
2018-02-01,Agency_60,SKU_23,1.8263398631394931
2018-03-01,Agency_60,SKU_23,1.7550073506076402
2018-04-01,Agency_60,SKU_23,2.117464662606733
